Username,Id,Tweet
yeshiv03,74935478,RT @nagarjund: Congress MLA Dr Ranganath made sure every MLA entering Vidhan Soudha wore a N95 mask. #COVID19outbreak https://t.co/zdCFq2Owâ€¦
NAZHlWA,3314464902,"RT @kimyaqee2: No one :

Face mask during Covid-19 :"
View_BKK,145479627,I think Iâ€™ve got carbon monoxide poisoning from wearing this mask. ğŸ˜ğŸ˜‚ğŸ˜
nekoeow,946814352585146369,RT @boizindependant: Who want me to be their face mask?
yazminnaliyah,2275406222,RT @biancaabambi: Exactly! Us healthcare workers are being forced to use the same mask all day because of shortage!!,"Texas, USA"
sparklingwolf,26388704,RT @FOX21News: Pennsylvania man faces charges for deliberately coughing near elderly man who was wearing medical face mask https://t.co/9eJâ€¦,Colorado
milloowclown,455715020,"RT @soompi: Idol From Rising Boy Group Melts Hearts With Sweet Voice On â€œThe King Of Mask Singerâ€
https://t.co/U8znP9dVUz https://t.co/J4g9â€¦",Indonesia
dr_barnowl,34252020,@NikkiMcR The mask slipping?,
MSketchy,2905687436,"@jboogie2034 @ProfessorCozy @ChrisDJackson @KamalaHarris So you're ok with systemic racism, because it happened a few years ago? Mask off!",omnipresent
thiccerdoodle,714247869906173953,RT @imnotgothicc: me being a face mask for my boyfriend so he doesnâ€™t get sick ğŸ¥ºğŸ‘‰ğŸ‘ˆ https://t.co/8NHzO5FBXS,A Pumpkin Patch
turbothotaholic,1125389677,RT @bigracks: this not the first time society made us wear a mask ğŸ’¯,society
epiNewman,1159753595123916800,@geochurch Bonus points for a Rorschach mask,Berlin
Kpanti_mama01,945447674,RT @therealdaddymo1: This one removes his face mask and sneezed. Oluwa pls what is happening? ğŸ˜©ğŸ¤¦ğŸ¾â€â™‚ï¸ğŸ™„ğŸ˜·  https://t.co/CO24xhDcpH,"Dubai, United Arab Emirates"
YAROSLAVAROBYK,846345388214931456,RT @visualplague: The untold origin story of the N95 mask #COVID19 #coronavirus https://t.co/RqfHWZoPwG,Ecuador
danascaaa,3075420593,RT @imnotgothicc: me being a face mask for my boyfriend so he doesnâ€™t get sick ğŸ¥ºğŸ‘‰ğŸ‘ˆ https://t.co/8NHzO5FBXS,Albanie
Incognitogamer2,1069890578068967426,"RT @Dadsaysjokes: They said gloves and a mask would be enough to go to the supermarket..

They lied, everyone else had their clothes on.",
oluwafiisayomii,524165859,So what is now the purpose of wearing the face mask,"Lagos, Nigeria"
iamdheyeror,1127207373251080193,"@ImGameplaYz I will buy food, alcohol,face mask , soap , medicine s , vitamins because its currently lockdown 
In my because of covid19",Philippines
EyesOnTheRight,724282165178032131,@utah161 You hate to see skull mask on skull mask fighting.,Behind You
soundofsungie,1109544543349862400,@princesidonluvr BRO I JUST PUT A FASK MASK ON TODAY??? our minds???,asda
fact221,1202191840822407168,RT @therealdaddymo1: This one removes his face mask and sneezed. Oluwa pls what is happening? ğŸ˜©ğŸ¤¦ğŸ¾â€â™‚ï¸ğŸ™„ğŸ˜·  https://t.co/CO24xhDcpH,
nazeephie,747169228537663489,Typical Nigerian pikin ğŸ˜ğŸ˜ğŸ˜,"Dutse, Nigeria"
the197vibes,942857525581447168,@HomerWasTaken Maybe cs u wear the same mask everyday,The 1975
nrthrndancer,740519856060129280,"RT @ProgressAlberta: Folks, not sure if you've heard, but our Premier is an asshole https://t.co/dh4CMi6UTI",Canada
iAmDanky,1035688697675563008,"RT @_themide: Me: I think I'll just go out like sharps, not using glove or mask won't cause any harm na

COVID19 : https://t.co/k6W4QWXkbc","Port Harcourt, Nigeria"
JosephO80615080,1188544474038853633,USELESS BILLIONAIRES.,
SouthShoreJosh,798597504535298048,"Day 11: watching the pro-life party go full mask off, kill whomever for profit",Ashmont
MAGAPATRIOT_TGM,997538850472898562,RT @FairyQ15: A pair of pull ups make a handy face mask https://t.co/iejPgNW2oN,"Texas, USA"
krisamissy,579995902,Who do us no do us well sha.,
LivRidsdale,4196722235,This is the type of behaviour that makes me ashamed to be British,"Skipton, England"
alicebaby___,1086591932380442626,RT @Bubble_minakie: Somebody should help me put a face mask on my avi as well.,
aptSwissy,1202626109537476608,Mask or No Mask? This Is What the Virus Experts Say  https://t.co/sx4c9hBWcY,
etuksmit,191595253,b'Lol why do Nigerians feel they can tell the wealthy what to do with their money?',abuja
babysseoks,948854982341636096,"b'RT @maithism: Moon Jin having Kook\xe2\x80\x99s bunny mask, Namu Namjoon ain\xe2\x80\x99t impressed https://t.co/hYT8hlvnju'",they/them idrc ğŸ³ï¸â€ğŸŒˆ
Stephen66963217,1148599694504923139,<built-in method strip of str object at 0x11939cb78>,
bouga2,43084888,"RT @Tobbsticks: Went to get Face mask and gloves, and I saw these https://t.co/HIWAFXiNGr",
cyantoo11,1242529832665260034,@fredapsychic We don't want to give you a mask,
brianna_l0pez,2789110382,"RT @XXL: Juice Wrld and Ski Mask The Slump God flowinâ€™ on the tour bus ğŸš

https://t.co/p45qVt6O5E","San Luis Obispo, CA"
shrubmud,1070011199679594496,RT @imnotgothicc: me being a face mask for my boyfriend so he doesnâ€™t get sick ğŸ¥ºğŸ‘‰ğŸ‘ˆ https://t.co/8NHzO5FBXS,
BukolaA_,387595504,RT @therealdaddymo1: This one removes his face mask and sneezed. Oluwa pls what is happening? ğŸ˜©ğŸ¤¦ğŸ¾â€â™‚ï¸ğŸ™„ğŸ˜·  https://t.co/CO24xhDcpH,"london, Lagos "
EmmanuelCampos_,398933447,@tomwookieford Pandemic alert... we need mask our government hates us..,"California, USA"
Itz_peatah,3241847561,RT @therealdaddymo1: This one removes his face mask and sneezed. Oluwa pls what is happening? ğŸ˜©ğŸ¤¦ğŸ¾â€â™‚ï¸ğŸ™„ğŸ˜·  https://t.co/CO24xhDcpH,Lagos
fran6Mayokun,726432358027681798,RT @therealdaddymo1: This one removes his face mask and sneezed. Oluwa pls what is happening? ğŸ˜©ğŸ¤¦ğŸ¾â€â™‚ï¸ğŸ™„ğŸ˜·  https://t.co/CO24xhDcpH,"Lagos, Nigeria"
ReciteSocial,3069279631,@choo_ek Your Tweet was quoted in an article by @businessinsider  https://t.co/SzsCA2j6ne,
Hockeyman55,22111770,@Mousesteps @MarkWillard85 I've been wearing a mask in public and at work for the past week. I figure better safe than sorry,Palm Beach Gardens
breeyourself__,333587066,Why tf does my job care sooo much if I wear a mask?! We work in a damn hospital!!!! Iâ€™m wearing one tf!,
michelsle,941063652,RT @bigracks: this not the first time society made us wear a mask ğŸ’¯,flossing
SteephanieRenee,371999327,RT @imnotgothicc: me being a face mask for my boyfriend so he doesnâ€™t get sick ğŸ¥ºğŸ‘‰ğŸ‘ˆ https://t.co/8NHzO5FBXS,Dont take me serious
BKINGTHEGOAT,1206964604456374272,Yâ€™all not even buying the right type of mask CTFU ğŸ¤£,
WolfOfWarStreet,1057871298,RT @Emarged: Yes. He's doing the lord's work. God will richly bless him. Spread it.,
sarkinswagz,143068427,RT @therealdaddymo1: This one removes his face mask and sneezed. Oluwa pls what is happening? ğŸ˜©ğŸ¤¦ğŸ¾â€â™‚ï¸ğŸ™„ğŸ˜·  https://t.co/CO24xhDcpH,ğŸ‡³ğŸ‡¬ğŸ‡¬ğŸ‡­
hormo_nelson,1113464441423765504,RT @therealdaddymo1: This one removes his face mask and sneezed. Oluwa pls what is happening? ğŸ˜©ğŸ¤¦ğŸ¾â€â™‚ï¸ğŸ™„ğŸ˜·  https://t.co/CO24xhDcpH,currently on exile
ItsShamii,4478904976,I need that maskğŸ¤”,"Abu Dhabi, United Arab Emirates"
flaneusecouture,1259952938,"FREE FACE MASK 
(You pay shipping only) 

https://t.co/YOym1u9W4m https://t.co/qY9z1dvRpg","Baltimore, MD"
tsuder,15358350,Crisis Heroes: Meet the Virginia Couple 3D-Printing Mask Shields for Medical Workers https://t.co/PkRsICM96l,"ÃœT: 39.081305,-77.496319"
DarmaniRidley,2987799610,Been tryna tell em ğŸ˜‚,Savannah state university ğŸ…ğŸ”¸
Nwanney_Amaka,1077188648423120896,"Take a good look at your leaders. The people that make or mar the economy. 

Nigeria don reach express alreadyğŸ¤¦ğŸ½â€â™€ï¸",ğŸ‡¨ğŸ‡¦ğŸ‡³ğŸ‡¬
Doramary,15379585,RT @alikodjak: You think the mask shortage is bad? Look what's coming.  https://t.co/4vUARBOvNb. @MendozaMartha @Jlinderman @AP,South Florida
priscillamousom,2266499154,White people are too much,"Dallas, TX"
bartboiperv,726062112435380225,"RT @MaskMaster_BL: YOU WANT MY FIST IN YOUR BUTT? 
#master #slave #rubber #leather #gloves #mask https://t.co/deWAmMVqRb",Nederland
Yazmine4L,164101456,RT @CathyYan: Oh fuck yeah. Thanks KEVIN SMITH ğŸ¤©,"Dallas, TX"
__MarianG_,716660182277824512,RT @imnotgothicc: me being a face mask for my boyfriend so he doesnâ€™t get sick ğŸ¥ºğŸ‘‰ğŸ‘ˆ https://t.co/8NHzO5FBXS,"Accra, Ghana"
life_of_baron,410720782,RT @therealdaddymo1: This one removes his face mask and sneezed. Oluwa pls what is happening? ğŸ˜©ğŸ¤¦ğŸ¾â€â™‚ï¸ğŸ™„ğŸ˜·  https://t.co/CO24xhDcpH,United Kingdom
fakjanet,872855886154412032,RT @therealdaddymo1: This one removes his face mask and sneezed. Oluwa pls what is happening? ğŸ˜©ğŸ¤¦ğŸ¾â€â™‚ï¸ğŸ™„ğŸ˜·  https://t.co/CO24xhDcpH,"Lagos, Nigeria"
FermentedSkunk,574666993,@Foxena Nopebopenopenope..... noooooo. It's an awesome mask but I'll pass on the leeches thank you.,"Houston, Texas"
mollyydexter,4699955680,a nurse just gave me a mask and bended the top for a nose bump before handing it to me and how big she made that bump really humbled me.,"Chicago, IL"
idekpablo,4335693852,@Michaelreeeves steal me a mask,"Houston, TX"
lmcdaniel64,160730318,RT @SiCk_DiAbLo: Did the Obama Administration Leave the N95 Mask Inventory Depleted?  https://t.co/mMIaDqXNQh,texas
AuthenticA_Hole,4441420163,RT @signoutlife: Reverse cowgirl because she forgot her mask at home,"Alberta, Canada ğŸ‡¨ğŸ‡¦"
kokkino_ptwma,3144382006,You can leave your mask on #CoronaVirusSongs,Î¤ÏÎ¯Ï„Î¿Ï‚ Ï„Î¬Ï†Î¿Ï‚ Î±ÏÎ¹ÏƒÏ„ÎµÏÎ¬
Wajiha_SK,938050794347143173,"@LoyalSalmanFan1 @FreakeNx_ Bhai 

Protect yourself from the mask
Wear coronavirus ğŸ˜ŒğŸ˜Œ https://t.co/WOKxEZKWVh",Punjab
youlovebrittums,43753381,RT @Fahvy2: When you work at a bank and 4 guys with mask come in but they're only robbing the place,C a d i l l a c t i c a
MiguelDS__,2200054705,RT @imnotgothicc: me being a face mask for my boyfriend so he doesnâ€™t get sick ğŸ¥ºğŸ‘‰ğŸ‘ˆ https://t.co/8NHzO5FBXS,Bdx 33 | P o r t u g a l 
b3ll,17611623,@maxweisel lmfao the mask,"Palo Alto, CA"
CherrelleArykah,187333798,A lot of ya with these gloves &amp; mask are dumb as hell.,GPS signal lostğŸ¤·ğŸ¿â€â™€ï¸
Umeh447,2563444030,@bill_onuegbu come and see ur grandpa ğŸ˜‚ğŸ˜‚ğŸ˜‚,Nigeria
Sameena1K,818035279,"I wonder what it feels like to be a psychopath, with zero human emotion navigating a world where you have to mask your true nature everyday.","England, United Kingdom"
jasdesp23,1050019336625229824,"RT @ritzzaslayz: Iâ€™m just ready for a girls night once this virus thing is over. Movies, popcorn, face mask, gossip, wine, and a little bitâ€¦","League City, TX"
qumeqo,512525544,RT @therealdaddymo1: This one removes his face mask and sneezed. Oluwa pls what is happening? ğŸ˜©ğŸ¤¦ğŸ¾â€â™‚ï¸ğŸ™„ğŸ˜·  https://t.co/CO24xhDcpH,Ghana
JumpOttawa,2370817676,"RT @BrookeandJubal: John THOUGHT he was living the dream, until his date pulled something out of her bag that scared him half to death! httâ€¦","Ottawa, Ontario"
VdotL,61105309,@KieYul Bout to go out here with a mask!,"Super Bowl Champs, MO"
GeekyB,20520389,Yâ€™all look stupid as hell in your OWN car with a mask on. Smdh ğŸ˜‚ğŸ˜‚. #isaidwhatisaid,Hell on Earth
JPS_Health,1002534938,"@pbf431963 JPS is not requesting donations from the public of mask, gloves or medical supplies.","Fort Worth, Texas"
priscilla4039,814235235139420161,"RT @XXL: Juice Wrld and Ski Mask The Slump God flowinâ€™ on the tour bus ğŸš

https://t.co/p45qVt6O5E","Houston, TX"
YungHusband_,230928976,RT @brumeyuval: Nigeria is in trouble. Willful illiteracy is the real enemy.,Nigeria
cooljay_b,724721556119793664,How did even end up having people like this in power. Worst of all he's still laughing after what he did.,"Edo, Nigeria"
safetyorion,1128068346761699328,"@Louis_Tomlinson Baby, in that case tose people should wear special equipment. A mask and gloves can be good",Colombia
ybabash,151283792,RT @deeejerh: These people donâ€™t even know why they were asked to use facemask ğŸ˜­ğŸ˜­ğŸ˜­ https://t.co/qDClJzhlI0,Abuja/Kaduna
hughknowit,19284852,I got a mask and had to https://t.co/XvYrVc8QI1,"Texas, USA"
sophieandlili,15587589,@JesseKellyDC Go into a NYC hospital right now with no mask. Thank you for sacrifice.,Connecticut
ASingingBear,28217331,@yashar All I can think about is that this womanâ€™s mask is NOt covering her nose so itâ€™s not actually working for her.,"Minnesota, USA"
ilandgrl,16309684,"@ABC What are the expiration dates? Weeks, years, decades old? And how does a mask expire??",(áµ”á´¥áµ”) Trapped in the Big Apple
gosh,253411316,be my mask to protect me from coronavirus  ğŸ¥ºğŸ‘‰ğŸ¼ğŸ‘ˆğŸ¼ https://t.co/bWqYDUA1PB,canada
KbtKevan,2745039842,RT @BrcDi4: What is wrong with this picture?,"Calgary, Alberta"
__usyy,1436906713,"RT @AminaUshama: @__usyy @oil_shaeikh Wlhi people need awareness, I went to the market with my nose mask .. they were saying wanan sabo salâ€¦",Heaven
Fiziker,28659789,Your kink is not my kink but your kink was prescient,"New Jersey, USA"
HOCLN2,975529532823392256,RT @imnotgothicc: me being a face mask for my boyfriend so he doesnâ€™t get sick ğŸ¥ºğŸ‘‰ğŸ‘ˆ https://t.co/8NHzO5FBXS,"Hamburg, Deutschland"
jessieestrada_,3054761757,Wouldâ€™ve beaten the shit out of her tbh Iâ€™m sorry,we're at McDonald's honey
ebukamikeeze,3334450732,@DRElMo_ATIKU Are you guys looking at the picture? What's the use of the face mask with his nose open.,"Benin-City, Nigeria"
KasitiElisha,3223919435,RT @youngy18: â€¼ Use a face mask or scarf to keep you nose and mouth covered.,kenya
SteelhorseQ,1009563233425022976,RT @juliemchardy: @OrlandoMH3 @SteelhorseQ @HillaryClinton The Clinton Foundation is a Mask...ie make up!,#stopworldwidepedoring
saintKuytt,1023874459806121985,RT @therealdaddymo1: This one removes his face mask and sneezed. Oluwa pls what is happening? ğŸ˜©ğŸ¤¦ğŸ¾â€â™‚ï¸ğŸ™„ğŸ˜·  https://t.co/CO24xhDcpH,On a mission 
CENT_Tweets,3068255987,"RT @jcochrane721: @CENT_Tweets virtual panther pride week, day 2 hat day, Eli wearing my homemade surgical mask as a hat https://t.co/6ltppâ€¦","Dickson, Tennessee"
TheHandsomeRobV,141839533,Oh Jesus lord above please,"California, USA"
Bubbles4000,804946836045774848,"The US has stated they need 1.2Billion P2 masks, donâ€™t expect resupply anytime soon folks

https://t.co/LkMLBMZSQi","Brisbane, Queensland"
kiingLimaa,580210181,RT @thecableng: VIDEO: Laughter as senator removes face mask to sneeze https://t.co/jfwVmcoEuL via @thecableng https://t.co/O70pwYULOY,"Lagos, Nigeria"
___mishaaaa,420351311,my father say he ready to order a face mask with a oxygen tank â˜ ï¸ğŸ˜‚ğŸ˜‚ğŸ˜‚,"Virgin Islands, U.S."
austin_VMX,776469098238803968,RT @therealdaddymo1: This one removes his face mask and sneezed. Oluwa pls what is happening? ğŸ˜©ğŸ¤¦ğŸ¾â€â™‚ï¸ğŸ™„ğŸ˜·  https://t.co/CO24xhDcpH,Global citizen
YamatoForever,633751050,@TheRickWilson @LeonCounty Yep...that's you. You got your mask when you go out in the yard?,"West Augusta, VA"
milkyrenmin,1041495644098031616,I KNOW MY MOM DID NOT JUST COME AT ME SAYING â€œnat im ready for grocery shoppinyâ€ WITH A MASK ON?? MAAM-,ygâ€™s basement
gracefay_,1101096275913658369,Na only God can save us atp ğŸ˜­ğŸ˜­ğŸ˜­,"Brooklyn, NY"
Ola_199x,962690817973456896,This also,Somewhere
AmericanVoter5,1185014029359517698,RT @RobProvince: Congrats on all the RTs and â™¥ï¸ for this fake story.,ğŸ‡º ğŸ‡¸ ğŸ‡¦ 
ArielleVas,577715593,How tf am I seeing everyone with mask on?? Wtf everyone at the market got one. I need one too! Whoâ€™s got the plug? ğŸ˜‚,"South Bay, LA"
Ola_199x,962690817973456896,RT @TronicLab: 3D protective mask for protection against the highly contagious #COVIDãƒ¼19 #CoronaVirusNigeria https://t.co/TE72hFGfko,Somewhere
nramiraamzah,811196928021045248,RT @aizadfahmy: Ok we need Rizalman to come back from retirement,Malaysia
jilluazoldyck,879062281400848384,Definitely just got price gouged for a mask and some gloves but girl i need them so ... L,the pledis building basement
Favor60919739,1199694806458470400,RT @Fahvy2: When you work at a bank and 4 guys with mask come in but they're only robbing the place,Under the cloudsâ˜ï¸
k_arlitaa,4775370840,RT @imnotgothicc: me being a face mask for my boyfriend so he doesnâ€™t get sick ğŸ¥ºğŸ‘‰ğŸ‘ˆ https://t.co/8NHzO5FBXS,las fiestas 
daisysid,197576401,RT @therealdaddymo1: This one removes his face mask and sneezed. Oluwa pls what is happening? ğŸ˜©ğŸ¤¦ğŸ¾â€â™‚ï¸ğŸ™„ğŸ˜·  https://t.co/CO24xhDcpH,Birmingham
TRUE1JD,1023395695,RT @Cldarnell14: I was waiting for you to look out he window 8 times or take off the mask and smile ğŸ¤¦ğŸ»â€â™‚ï¸ğŸ˜‚,Minding my business 
HafiqAzizi_,740825010,RT @aizadfahmy: Ok we need Rizalman to come back from retirement,"Kuala Lumpur, Wilayah Persekut"
HenshawKate,135295059,@therealdaddymo1 Who be dat one???ğŸ˜’ğŸ˜’ğŸ˜’ğŸ˜¶ what was the use of the mask if you will remove it to sneeze on people????? Smh,worldwide
IrishRiverSong,3445831457,Check out what I just added to my closet on Poshmark: Black and Pink Mask. https://t.co/G358u0dJqL via @poshmarkapp #shopmycloset,"Mile Post, PA"
fatnudes,77532570,DOOM MASK ON wonder if i'll get to hug my dad again before he dies,hell
Callherbritt_,366556209,RT @ParissssB: Everytime i see someone with a mask on I laugh!! Yâ€™all look stupid.,"Memphis, TN"
ethanij1889,753974206170267649,RT @youngy18: â€¼ Use a face mask or scarf to keep you nose and mouth covered.,"England, United Kingdom"
rockspastl,1176517009875623936,These at-home masks are GREAT for rejuvenating your skin while you stay inside! #SelfCare #skincare #FaceMasks,"9430 Manchester Road, St Louis"
eDealinfoUSA,40199130,HiHiLL Full Face Anti-Fog Snorkel Mask only $11.96 https://t.co/sRT75e1gge,Cyberspace
TiaOutsold,1037498258858201088,You had your first â€œbreathing while [insert race]â€ at your old age? How privileged.,"San Diego, CA"
vintagevinsaint,479175954,RT @thecableng: VIDEO: Laughter as senator removes face mask to sneeze https://t.co/jfwVmcoEuL via @thecableng https://t.co/O70pwYULOY,Nigeria
MrHarithZafran,554231087,RT @aizadfahmy: Ok we need Rizalman to come back from retirement,"No.23E,Jalan Tumpat , England"
conorlyo,989679627307106304,"Itâ€™s like Avatar

Where the marine doesnâ€™t get a mask

But has to live with the giant natives","Los Angeles, CA"
amba12,25953805,@SissyWillis Why is her mask red?,New York City!
JjumbaSwaibu,2200504552,RT @youngy18: â€¼ Use a face mask or scarf to keep you nose and mouth covered.,"Bwasandeku,Kalungu Uganda."
FaaarsF,3300438511,RT @aizadfahmy: Ok we need Rizalman to come back from retirement,"Somewhere, earthğŸŒ "
FlakesSoul,1127321135325036545,RT @CathyYan: Oh fuck yeah. Thanks KEVIN SMITH ğŸ¤©,"Baton Rouge, LA"
JessKHardy2000,1068015137376747521,"If I pull off my glasses one more time when taking off my mask, somethingâ€™s getting set on fire. 

#PPE https://t.co/iUqrQfdMJ6","Montana, USA"
Kelvin_shams,500214284,RT @youngy18: â€¼ Use a face mask or scarf to keep you nose and mouth covered.,Cole World
md_pinheiro,964907788978786304,RT @BryanBakerDO: Proud to be part of an incredible institution!,"Manaus, Brazil"
blushingprince,2941488535,I also saw a guy in a gas mask inside the store,fraldarddyd 
Quadrilekan3,987999149646860288,If the government no donâ€™t provide us nose mask we go have made in Nigeria #CoronaVirusNigeria #COVID19NIGERIA https://t.co/SLXfnOmZDZ,onikoro moniya nigerial
JackiePeters,9091712,No #mask? No problem. Love seeing people getting creative out there. #funnynotfunny https://t.co/4DzyRcLnt6,"San Francisco, CA"
NnamdiAkaeme,190335927,RT @youngy18: â€¼ Use a face mask or scarf to keep you nose and mouth covered.,"Lagos, Nigeria"
danielfeghas,238608060,RT @therealdaddymo1: This one removes his face mask and sneezed. Oluwa pls what is happening? ğŸ˜©ğŸ¤¦ğŸ¾â€â™‚ï¸ğŸ™„ğŸ˜·  https://t.co/CO24xhDcpH,"Lagos, Nigeria"
MattFolkmuse,909671250,@dan_aderhold @AnnCoulter Go for it Dan. Might I suggest front line at a hospital near you? No mask needed if you are under 60.  Go for it.,"California, USA"
ftman21,845111758847201280,RT @Blue2Reaganite: This is probably the worst Twitter lefty lie tale Iâ€™ve ever read. Holy shit.,"Georgia, USA"
alifffimrann,2283648942,RT @aizadfahmy: Ok we need Rizalman to come back from retirement,seremban
steamed___hams,305218709,summer is doing a foot mask in order to â€œhave even sexier feetâ€ https://t.co/Xgbn6bRok9,hell
LifeTechnology1,2382289663,Face Mask https://t.co/1bHgT1rHG3 https://t.co/s1fZj8Uhgc,United States
emiigolden,191358511,@augusta_okoro Thought we were asked to wear mask?,"Abuja, Nigeria"
SaraKatherineM,46748926,doing a face mask w brit https://t.co/pNe2ir538t,"Chicago, IL"
JanMareeSmith2,823416009763627008,RT @FairyQ15: A pair of pull ups make a handy face mask https://t.co/iejPgNW2oN,"Hobart, Tasmania"
GearheadRequiem,704845534238879745,RT @Smug_Legend: Today in shit that never actually happened https://t.co/I2u902bAa2,Great Tomb of Nazarick
gangwar_hitesh,753925349625434113,@rishibagree There is no shortage of mask on twitter. But in the market there is shortage.,HELL
WhiskeyBuffalo,1013585994765996032,@Edoliver_11 face is still the best thing ever.,"Florida, USA"
Buadu_jnr,466590960,RT @therealdaddymo1: This one removes his face mask and sneezed. Oluwa pls what is happening? ğŸ˜©ğŸ¤¦ğŸ¾â€â™‚ï¸ğŸ™„ğŸ˜·  https://t.co/CO24xhDcpH,GHANA
Biffo183,2377089403,;0)  now that's a mask  !! https://t.co/QJ6iwCckvT,The Sea
LutendoKhoromm2,1002836597631586306,RT @youngy18: â€¼ Use a face mask or scarf to keep you nose and mouth covered.,"Cape Town, South Africa"
kookstelar7,932439983465680896,"RT @maithism: Moon Jin having Kookâ€™s bunny mask, Namu Namjoon ainâ€™t impressed https://t.co/hYT8hlvnju",MÃ©xico
ccassandras,25572852,@TalkThirty I was told to use my mask for at least 72 hours before getting a new one,"Colorado, USA"
QAYY1M,4923924564,RT @KKMPutrajaya: Not everyone needs a mask. https://t.co/AojAPa18FO,KL
michaeltrendz,1699006171,@officialEFCC Hope you guys are using mask and sanitizer,Earth
craezee_,789397521382584324,RT @therealdaddymo1: This one removes his face mask and sneezed. Oluwa pls what is happening? ğŸ˜©ğŸ¤¦ğŸ¾â€â™‚ï¸ğŸ™„ğŸ˜·  https://t.co/CO24xhDcpH,shut up and drive
kirs011,1486129201,"RT @SeaUrchin96825: DIY â€œFace Maskâ€
 https://t.co/TJRxPqQ0M2","California, USA"
OluchiDike4,887650647788707841,RT @therealdaddymo1: This one removes his face mask and sneezed. Oluwa pls what is happening? ğŸ˜©ğŸ¤¦ğŸ¾â€â™‚ï¸ğŸ™„ğŸ˜·  https://t.co/CO24xhDcpH,"Owerri, Nigeria"
tortrilla,1214528774,I hope thereâ€™s a day Iâ€™ll be able to listen to Mask Off again,"Arizona, USA"
ClaireMalone20,925830842,There's the same attitude in us that would refuse to wear a mask as we have to wearing sunglasses,"Belfast, Northern Ireland"
lomljm,1076705934276202497,RT @imnotgothicc: me being a face mask for my boyfriend so he doesnâ€™t get sick ğŸ¥ºğŸ‘‰ğŸ‘ˆ https://t.co/8NHzO5FBXS,ğ§ğ¬ğŸğ° | ğ¬ğ®ğ›+| ğŸğŸ— | ğ§â™¡
TrippBraden,22824243,"RT @sandyconnolly: Excellent point Jim. #DigiBlogChat
https://t.co/RRstyRwxRr","Cleveland, OH"
Fola_x,190368553,I was explaining this thing to some people today...They were acting like idiots,"Lagos, Nigeria"
basaza_daniel,1042692279507603456,RT @AMANYAMARK10: It's now okay to visit a bank wearing a mask and gloves.#COVID19,Bukoto
WumiWummy,2420247274,RT @therealdaddymo1: This one removes his face mask and sneezed. Oluwa pls what is happening? ğŸ˜©ğŸ¤¦ğŸ¾â€â™‚ï¸ğŸ™„ğŸ˜·  https://t.co/CO24xhDcpH,"Victoria Island, Nigeria"
CEOofAltcoins,1192971104773537792,@PzDeals @pzf lol..what a joke. mofoâ€¦.each mask costs pennies to make. scam artist. @FBI @TheJusticeDept,U.S.A
Dave_embo,315750483,So they said wear a mask when you go the shops....... I get told I canâ€™t enter in mine??? Racists towards gingers https://t.co/6kkJlVq8Kq,"Congleton, England"
zettberlin,28865479,@jwildeboer Same here. Even in  the rooms of my mothers diabetes doctor I was the only one to wear a mask and gloves....,"Celle, Niedersachsen"
robyates88,35804219,"RT @DadsPuns: They said gloves and a mask would be enough to go to the supermarket..

They lied, everyone else had their clothes on.","Point Pleasant, WV"
redd3451,575057784,RT @FairyQ15: A pair of pull ups make a handy face mask https://t.co/iejPgNW2oN,Northern Virginia
Dandolar,160515105,"RT @Tobbsticks: Went to get Face mask and gloves, and I saw these https://t.co/HIWAFXiNGr",Lagos / Nigeria
realkashy_t,830036280016793601,RT @Aleahh__Mariee: THIS BITCH GOT A WHOLE FUCKIN CORONA MASK ON STICKIN FISH IN HA COOCHIE SEE YOU KNOW WHAT https://t.co/OMiChJCiYW,"Atlanta, GA"
adegbe_samson,715997840653348864,RT @thecableng: VIDEO: Laughter as senator removes face mask to sneeze https://t.co/jfwVmcoEuL via @thecableng https://t.co/O70pwYULOY,Ilorin
Ile_Osas,287831330,RT @therealdaddymo1: This one removes his face mask and sneezed. Oluwa pls what is happening? ğŸ˜©ğŸ¤¦ğŸ¾â€â™‚ï¸ğŸ™„ğŸ˜·  https://t.co/CO24xhDcpH,"Lagos, Nigeria"
theoreokiller23,2162208618,RT @imnotgothicc: me being a face mask for my boyfriend so he doesnâ€™t get sick ğŸ¥ºğŸ‘‰ğŸ‘ˆ https://t.co/8NHzO5FBXS,"San Francisco, CA"
POSHetDOPE,891715146346835970,RT @Fahvy2: When you work at a bank and 4 guys with mask come in but they're only robbing the place,Lagos || Ilorin || Twitter
ChykAmbush,351672516,Removing mask to sneeze ğŸ˜‚ğŸ˜‚. Damn we are in a horror movie in this country,Pride Rock 
DrChrisHingston,1325589402,RT @DrMTempest: #3D printed adapter turns snorkeling mask into a non-invasive ventilator - used in Italy: https://t.co/QQ9VZk3icA via @daviâ€¦,"Cardiff, UK"
BellaChris_254,2810446498,"RT @jayp_morgan: Kenyans gather here I teach you some Swahili ğŸ˜‚ğŸ˜‚ğŸ˜‚
Did you know air mask are referred to as ""BARAKOA"" in Swahili? 
ğŸ˜‚ğŸ˜‚ğŸ˜‚",Kenya
Ms_FREDDIE,543907260,"RT @Morris_Monye: Omashola is safe. He used aso-oke facemask and wore gloves. Go and check the pictures.

Warri did not carry last",Canada
Mykeladeolu,1156520413645684742,RT @therealdaddymo1: This one removes his face mask and sneezed. Oluwa pls what is happening? ğŸ˜©ğŸ¤¦ğŸ¾â€â™‚ï¸ğŸ™„ğŸ˜·  https://t.co/CO24xhDcpH,"Asaba, Nigeria"
standup_1776,69025232,RT @crotts_dan: Yes He Did â— https://t.co/4bExB0E98X,"North Carolina, USA"
Luvnediting,330675344,"RT THIS!
MASK information!!",Never Never Land
toria_i_am,2378845469,@sisi_alagboeko @call_me_ayokay Abi.. Using nose mask but body and soul contacting. I'm angry,"Lagos, Ibadan, Nigeria. "
BabygirlShamah,982141520,RT @Northstalgia: Please wear a mask at home too. Especially when you are all alone. It will stop you from eating more.,Dmv ğŸ“
SoylentHHH,249850162,The Mask but for Hulk hands toys,"Portland, OR"
damilola_samuel,415458270,"RT @_Olivah_: Stay safe 

Stay indoors 

Sanitize frequently 

Use face mask

#FightCovid19",Lagos
exzeebit,390142119,RT @therealdaddymo1: This one removes his face mask and sneezed. Oluwa pls what is happening? ğŸ˜©ğŸ¤¦ğŸ¾â€â™‚ï¸ğŸ™„ğŸ˜·  https://t.co/CO24xhDcpH,Ask google!!!
somuthaber,954532837,Halloween Masquerade Mask Haunted House Party Black Wolf Mask https://t.co/c3UlXBwiov,TÃ¼rkiye
Tholar_Williams,354871111,RT @therealdaddymo1: This one removes his face mask and sneezed. Oluwa pls what is happening? ğŸ˜©ğŸ¤¦ğŸ¾â€â™‚ï¸ğŸ™„ğŸ˜·  https://t.co/CO24xhDcpH,EARTH
JTViper_TTV,121973154,"RT @stone_toss: ""preppers didn't buy equipment to be prepped"" https://t.co/eH6Ow0zMvS","The Meme Fields, Kekistan"
DebDlene,1465091143,ğŸ˜±   I am so sorry. ğŸ˜¢,Hoosier not a hoser
MhzTr_Uyi,872818714818871297,RT @therealdaddymo1: This one removes his face mask and sneezed. Oluwa pls what is happening? ğŸ˜©ğŸ¤¦ğŸ¾â€â™‚ï¸ğŸ™„ğŸ˜·  https://t.co/CO24xhDcpH,Somewhere in Nai-Je-Ria. 
Cardesi5,981600565032554497,"My mask, that's good",USA
derrick_houska,831948812935520256,"RT @Ramr2m2: @TimMurtaugh @parscale Hard To ""Mask"" The Lack Of ""Ventilator Flow""  !!!!

                        ""Solar Exposure""  !!!!","Colorado, USA"
ModernProfanity,1195878458070589441,A++++ makes a great mask my mom loved it https://t.co/td18KF2yYZ,A steel drum
BlockchainBrown,792355289265676288,@PCH_SF I'd assume that mask is a risk for every other patient you see during the next 4 days with same mask?,"Detroit, MI"
lamanthasind,1877486731,Yo...omg....what the fuck is wrong with people?????,"Rochester, NY"
Janitorayo,1239842966790963200,"RT @Faleti_ajala: I beg you...
Please sneeze amongst your mates...
Sneeze on them...
I don't care..
You are doing so well","Lagos, Nigeria"
Bolaji_gof,750131688500441088,Backward leadersğŸ¤¦â€â™€ï¸ğŸ¤¦â€â™€ï¸,Lagos  nigeria
Official_RichDD,3075261321,"RT @Tobbsticks: Went to get Face mask and gloves, and I saw these https://t.co/HIWAFXiNGr",Everywhere
masteredsauce,610045233,Somewhere in this country is a skhothane whoâ€™s trying to laybuy face mask ya GucciğŸ¤¦ğŸ¾â€â™‚ï¸ğŸ˜‚ #LockdownSA #Covid19SA,cape town
Gavdini,185319802,@CLoprestiWFAN @rjrecch1333 Jesus Al looks like if The Mask was on Craig Carton,"1725 Slough Ave Scranton, PA"
domedm0th,852254703341625344,RT @palaisindig0000: Mask on I am not getting corona virus  âœŒğŸ»ğŸ¤’ https://t.co/1RfBuVzWAd,portland
AndrewBLCKLST,137782915,Everyone in this train has a mask on except me,NYC
alexmrn__,866755345,RT @imnotgothicc: me being a face mask for my boyfriend so he doesnâ€™t get sick ğŸ¥ºğŸ‘‰ğŸ‘ˆ https://t.co/8NHzO5FBXS,Paris
jezzzzzVIBIN,99434136,"@awehlexis me too sis cause id be high, home, with a face mask, watching a movieğŸ™„ or call of booty.",BAEGAS
cessbieberrrrr,961201225906634752,RT @aizadfahmy: Ok we need Rizalman to come back from retirement,MALAYSIA
Sheglar_GD,29330450,"@BNICE80 @rock_giants Shit tricky because u can cross contaminate that mask , I rather just wash my hands and stay away from.folks","Red Hook, Bklyn Ny"
nickristiansens,3129347219,RT @youngy18: â€¼ Use a face mask or scarf to keep you nose and mouth covered.,London/Sweden/Everywhere/
sassy_ondbeat,2230089007,RT @therealdaddymo1: This one removes his face mask and sneezed. Oluwa pls what is happening? ğŸ˜©ğŸ¤¦ğŸ¾â€â™‚ï¸ğŸ™„ğŸ˜·  https://t.co/CO24xhDcpH,"Benin-City, Nigeria"
seuntosin25,2996551055,Can you imagine,"Lagos, Nigeria"
acellllop,1148774023670747142,I wanna draw osoba mask...but everytime I try to it looks so bad,Baterilla
jkaartinen,14942904,@Beaugas @jgarzik Right back at you. https://t.co/RN6XQbsVqo,"Finland, JyvÃ¤skylÃ¤"
KeithEllwood,183924981,@XEECEEVEVO Is that a ski mask??,Bay Area
TheErrDay1,1070580916475580416,RT @Bubble_minakie: Somebody should help me put a face mask on my avi as well.,"Kumasi, Ghana"
6lack_fulani,1176481191513546753,RT @imnotgothicc: me being a face mask for my boyfriend so he doesnâ€™t get sick ğŸ¥ºğŸ‘‰ğŸ‘ˆ https://t.co/8NHzO5FBXS,NigeriağŸ‡³ğŸ‡¬
Revelations1617,444056010,Masks work. Period.,Northern Michigan
FCBxAlpha,876412241956003840,RT @youngy18: â€¼ Use a face mask or scarf to keep you nose and mouth covered.,Football 
choikayii,1028097899299667968,@LondonBreed  face mask price gouge  25th and Irving street https://t.co/Ti9SV6u0Re,United States
SavvySeed,2474830297,RT @CJDeuce_: Slim thug had on gloves mask and was self quarantining and still got it! What that tell ya?,Astroworld
Bakari_sibanda,260081304,Some idiot saw me wearing a mask hanzi ucharohwa nemota wakachipfeka. Was too annoyed to even respond!!!,"Harare, Zimbabwe"
Annallywood,351665982,"RT @XXL: Juice Wrld and Ski Mask The Slump God flowinâ€™ on the tour bus ğŸš

https://t.co/p45qVt6O5E",Israel
sfnub40,1610228827,RT @santafeez: How a Palestinian shoemaker started the West Bankâ€™s only mask factory overnight https://t.co/l0I9tBG2xO #Palestine,Europe
KirillIker,1036183392314904577,RT @imnotgothicc: me being a face mask for my boyfriend so he doesnâ€™t get sick ğŸ¥ºğŸ‘‰ğŸ‘ˆ https://t.co/8NHzO5FBXS,Te Importa Mucho Menos 
lsaldanamd,15279465,The untold origin story of the N95 mask https://t.co/f6NOaK1KM7,"Dallas, TX or Colorado"
ItalianMonster8,1692445040,"Put a mask on. 
Wash your hands. 
Stay home. 
Jam out to your queen. 

Artwork: IG- @ luizjosemonster https://t.co/1rFgZwrRDv",NYC 
_iamBright_,3301599374,National Assembly Senator plus off his Face mask to sneeze and wears it backğŸ˜‚ğŸ˜‚,8.532Â°N. 3.325Â°E
MR_FENTYYY,1218292117942022144,RT @jerryjones99: Wear that face mask for yourself not for snap,"""IDGAF"" Avenue"
dissuader123,824448940477190144,@marcellacomedy That Explains the mask in the profile pic,"Scaggsville, MD"
RealIgwe,993425863352946688,RT @thecableng: VIDEO: Laughter as senator removes face mask to sneeze https://t.co/jfwVmcoEuL via @thecableng https://t.co/O70pwYULOY,"Asaba, Nigeria"
domedm0th,852254703341625344,@palaisindig0000 i said fuck it mask off and now i cant stop coughing what do i do,portland
TwittMeDude,382698849,Custom Face Mask https://t.co/FnaCig2uzo via @YouTube,"Savannah, GA, USA"
d_badmos,1642031617,@OKELVIN__ How are we sure that they wonâ€™t be selling those sanitizers and mask ğŸ˜· sent,Nigeria
sleepygeeky,14168856,@random_tangent hoping my excursion to Target will be okay. blah. do you have a mask or scarf to wear?,Los Angeles
khalanne27,953004168352092160,"ğŸ¤£ğŸ¤£ğŸ¤£ğŸ¤£ğŸ¤£it is well o chai, and he just sneezed into the air.",Abuja
kindstar_,1095356765699481601,NO. NO. ONLY WEAR A MASK IF YOU ARE SICK. OR IF YOU ARE A DOCTOR WORKING WITH SICK PEOPLE. all the rest are fine. https://t.co/u7OGgspQj1,Hobi/Johnnyâ€™s heart-he/him
Sarciety,1021360558887653377,RT @scyffi: slight ref update + ryn phases for clarification on grey/red mask differences and what they mean https://t.co/no2CLZ0LPw,//Your local starbucks//
__DiGGa__,31359352,lmaooo me asf but I was wearing a mask prior to this shit cuz I travel alot ğŸ˜­,in the real world.
tiffcon1,261985925,@atrupar I think he should visit COVID-19 patients in nothing but a homemade mask on Easter Sun.,"Ada, OH"
anmblink,777134067615670272,RT @imnotgothicc: me being a face mask for my boyfriend so he doesnâ€™t get sick ğŸ¥ºğŸ‘‰ğŸ‘ˆ https://t.co/8NHzO5FBXS,Suisse ğŸ‡¨ğŸ‡­
Sora_Rubiuh,835296106678452224,"RT @maithism: Moon Jin having Kookâ€™s bunny mask, Namu Namjoon ainâ€™t impressed https://t.co/hYT8hlvnju",Polombia ğŸ’œ
MarcusT23762392,1070128402827526146,"@Squirrel275 @brenner_colleen We are setup ... of course.
https://t.co/85H0igEIpA",O tempora o mores!
arjendre,1134681,@JustinTrudeau @CPHO_Canada Where was this message two weeks ago? And why no mention of masks?! https://t.co/JpvOmq9v5n,"Toronto, Ontario"
gordanskitchen,797701788300288000,Coronavirus: To Mask or Not to Mask? #cooking https://t.co/7sC2Mnk3QO,"San Francisco, CA"
MyHumbleSelff,3348889660,RT @thecableng: VIDEO: Laughter as senator removes face mask to sneeze https://t.co/jfwVmcoEuL via @thecableng https://t.co/O70pwYULOY,"Ilorin, Nigeria"
simplydevon_,383963415,@scalebroke_DOPE ğŸ˜ğŸ˜ğŸ˜ i got ya face mask aiite baby ğŸ™ƒ,"Charleston, SC"
zidaya,22337786,"@DavidAstinWalsh As long as you're wearing a facemask, by all means...",Bellingham
90sGoldHoesssss,425558006,RT @taiyaaaaaa: I feel like we all have it atp,"North Carolina, USA"
stephscsf,218177984,@zrlb08 @LHS_RN @jkenney @DShepYEG @albertaNDP @RachelNotley @shandro Itâ€™s not an n95 mask.,Richmond Hill
Ellemelys,960624000077647873,"RT @maithism: Moon Jin having Kookâ€™s bunny mask, Namu Namjoon ainâ€™t impressed https://t.co/hYT8hlvnju","Buenos Aires, Argentina"
vaguelym,15901309,"RT @ctrlzee: The N95 respirator--a scientific icon born from plague, racism, and repurposed gift bows https://t.co/qvyh1gYsID",Melbourne
Touchdown_Alex,144325889,RT @CJDeuce_: Slim thug had on gloves mask and was self quarantining and still got it! What that tell ya?,Da crib. 
IamTheReelKP,374821771,@rmichaelthomas @PSawyerSchue Nope. Iâ€™m wearing my own gloves and mask when doing Uber EatsğŸ™ƒ,"Phoenix, AZ"
IrishRiverSong,3445831457,Check out what I just added to my closet on Poshmark: Black and White Crystal Mask. https://t.co/BL9IvEBBdj via @poshmarkapp #shopmycloset,"Mile Post, PA"
wnail73,2378076649,Wear a mask and you wonâ€™t get sick or spread anything. https://t.co/SYBWF54CIS,"Mississippi, USA"
Rajesh_raj221,955461452290142209,RT @FemalesFan: Always wear mask everyone at no matter what https://t.co/NxKb7m2NL8,"Chennai, India"
bohemeco,1187419274375319554,Info regarding #Masks to deal with #COVID19,Ain't no wall in Colorado
Maitha_ALM,361723835,I put on a honey face mask and it smells like HOONEEYYYY ... like of course it smells like Maitha what did you expect,"Orleans, France "
lmgardner84,40633165,Wall-e has found his Corona Virus Mask! ğŸ˜‚ğŸ˜‚ğŸ˜‚ğŸ˜‚ https://t.co/BNWz20ymiz,Scotland
_abdoulshehu,1242224147373207554,"RT @Haafsaah1: I bought 6 packs of face mask at 39,000 today,
Something needs to be done seriously,something thatâ€™s was not up to 1k ğŸ’”","Zaria, Nigeria"
shamisohunda,874648521928048640,RT @SenzanjeBrendon: Zim oans will literally call you â€œChibaba che healthâ€ if they see you wearing a mask and gloves,Zimbabwe
ab_dct,1014906616246882304,RT @imnotgothicc: me being a face mask for my boyfriend so he doesnâ€™t get sick ğŸ¥ºğŸ‘‰ğŸ‘ˆ https://t.co/8NHzO5FBXS,"Limoges, France"
trappguru,2203981780,fenna do a face mask cause iâ€™m bored,Louisiana
ovoxonat_,886644846202675201,"RT @XXL: Juice Wrld and Ski Mask The Slump God flowinâ€™ on the tour bus ğŸš

https://t.co/p45qVt6O5E","Portland, TX"
DarkFaith_,1561961892,RT @NotLittleNick: fuck a mask just sit on my face and protect me,"El Paso, TX"
Ocam__Park,1067522714829799429,RT @PedrazaCristin: âš¡ï¸ â€œShould you wear a face mask?â€ de @QuickTake https://t.co/L3Zj9n69tI,Colombia
bluntedhippy,2705833305,@wasssupg bruh forget the napkin this bitch still got a mask on! the fuck the mask supposed to do ğŸ˜,"Cartago, Colombia"
jbuchana,30864768,"It's sad that they have to be concerned about being sued while they are trying to save lives.
 https://t.co/OLG6N9gy8A","Kokomo, IN, USA"
nicolemirandax,195100464,jk weâ€™re chillinâ€™ I did a face and hair mask and lathered my body w a crap ton of lotion ğŸ™‚ hope this lasts,ianâ€™s booty
ITZeldatails,347758180,Why my skin so dry Iâ€™m in quarantine... I need a mask and I canâ€™t buy one,EPTX/LA
IfinwaJ,1013466420502507524,RT @youngy18: â€¼ Use a face mask or scarf to keep you nose and mouth covered.,Port-Harcourt 
hobicitos,1020857155195465728,"RT @maithism: Moon Jin having Kookâ€™s bunny mask, Namu Namjoon ainâ€™t impressed https://t.co/hYT8hlvnju","they/them, nans, 19, mx"
T__wonder,905275510867062784,"RT @21SADBlTCH: yeah this is not the same as ""breathing while black""","Conway, AR"
rightwing_jesus,374623492,"RT @johnpavlovitz: Listen to the scientists and doctors, not the homophobic Christian.

Penceâ€™s Idea Is a Good Way to â€˜Kill Hundreds  httpsâ€¦",Your hollow mind
bradbaris,18267111,RT @kosamari: 2021 : finger print unlock comes back to phones because product designers of the west finally understand daily mask wearing lâ€¦,"HNL, HI, Laniakea Supercluster"
8o8lyss,817370707,RT @imnotgothicc: me being a face mask for my boyfriend so he doesnâ€™t get sick ğŸ¥ºğŸ‘‰ğŸ‘ˆ https://t.co/8NHzO5FBXS,oklahoma
unclekaybee,32234840,I just saw Green Eyes with a Meze maskğŸ˜· onğŸ¤£,LIVING 
MiddleEastTon,1092120433476792321,Protection Against Covid-19: Tailoring factories catering to high face mask demands https://t.co/2SOfDZPPvZ,Pakistan
HenshawKate,135295059,RT @therealdaddymo1: This one removes his face mask and sneezed. Oluwa pls what is happening? ğŸ˜©ğŸ¤¦ğŸ¾â€â™‚ï¸ğŸ™„ğŸ˜·  https://t.co/CO24xhDcpH,worldwide
AkiMarlin,299575864,RT @therealdaddymo1: This one removes his face mask and sneezed. Oluwa pls what is happening? ğŸ˜©ğŸ¤¦ğŸ¾â€â™‚ï¸ğŸ™„ğŸ˜·  https://t.co/CO24xhDcpH,ğŸ‡³ğŸ‡¬
Shynomite1,537678190,@DailyPostNGR We hope those mask r not infested with the virus like they did to condoms?,"Kano, Nigeria"
Ms_Accountant1,198432827,"ğŸ˜‚ğŸ˜‚ğŸ˜‚ğŸ˜‚this kills me cause my daughter says that... lawd I need an oxygen mask, I canâ€™t ğŸ˜‚ğŸ˜‚ğŸ˜‚ğŸ¤£",South Africa
Flirtypotter,1185518580986798081,@Blueband06 Mask acha hae ğŸ’–ğŸ’–ğŸ’–,Dill Mae Dimagh Mae Nhi 
brahnana10,1512771091,RT @sixteenurban: We use to think Nose mask was part of Stardom....Now we understand better. https://t.co/xIoD0rmFhd,"Accra,Ghana"
miratriarch,1043623652007251969,@lanbunji haven't we all /sigh/ gives you a hug while wearing gloves and a mask bcs health is important,she/her â€¢ 23
Jodes_park,2729024194,The only thing worse than this virus is the racism that comes with it,Earth
avantistmusic,84525894,"@CathyYan literally CACKLED through the entire ending fight with black mask, the end of it was ğŸ˜˜ğŸ‘ŒğŸ¾","Chicago, IL"
Olaoye1ia,941584572608843776,Nigeria my country...ğŸ˜‚ğŸ˜‚,"Kaduna, Nigeria"
DrOrugbani,2970460739,"@_Akakan Took off the mask, touched his nose, then sneezed ğŸ¤£ğŸ¤£ God!, this is not supposed to be funny",Maxwell Gap 
VonSwain,1144281913777172480,My doctor has to approve of this mask. And then I have to go to the company's nurse and fill out OSHA forms.,United States
G_hostryan,1038317952,RT @youngy18: â€¼ Use a face mask or scarf to keep you nose and mouth covered.,Finding my place
xteccyofficial,204869377,@HenshawKate @therealdaddymo1 He thought the Mack is for hearing ğŸ˜€ğŸ˜€ but do u know this mask can also stir allergies?,"Abuja, Nigeria"
frangipancakes,2167332357,@mynameisntdave Wendy is probably wearing a face mask,i crave cereal
religiousjaw,3222761569,"@insidioussamg @neeratanden Yes, we mustn't rest until EVERYONE has access to a hypothetical mask.",Â¡Viva Appalachia!
EnemohA,1017752209507921920,RT @therealdaddymo1: This one removes his face mask and sneezed. Oluwa pls what is happening? ğŸ˜©ğŸ¤¦ğŸ¾â€â™‚ï¸ğŸ™„ğŸ˜·  https://t.co/CO24xhDcpH,Nigeria / Canada
oh_my_god,14469989,@NYGovCuomo Buy mask at https://t.co/enf6MGLDJK,Mother Nature
KingMeKD,114067029,RT @ChuckModi1: March 2020 will go down in history as month every U.S. politicianâ€™s mask came off their whole entire face.,PG County
StevenLacy,230748033,NYC clarifies that partners will be allowed in Public Hospitals for child birth. Must wear surgical mask and pass health screening.,NYC
owolabiregus,108343238,"RT @Toni4sweet1: I just don't understand some people in this country
You wear mask &amp; still toasting woman
If she gree, how do you kiss or mâ€¦",T I A
urchmaaino_,146865778,RT @therealdaddymo1: This one removes his face mask and sneezed. Oluwa pls what is happening? ğŸ˜©ğŸ¤¦ğŸ¾â€â™‚ï¸ğŸ™„ğŸ˜·  https://t.co/CO24xhDcpH,"Lagos, Nigeria"
its__wolf,862250869533810688,"@dawn_com Pak Armed force scientists were not making mask and sanitizers , I heard this also from dgispr i think.",Pakistan
indyjasa,811936350970806273,RT @Blue2Reaganite: This is probably the worst Twitter lefty lie tale Iâ€™ve ever read. Holy shit.,Flyover nation
davelandryjr,2530631852,Ford joins Tesla and GM in helping with ventilator and mask supply https://t.co/TNbhZ2CIpZ https://t.co/T0pri2krr8,"Venice, CA."
Iceberg_Sips,61472611,I need to find a kinky display queen,"Benoni, South Africa"
odi_obu,4807013295,RT @IbeeIsoga: OmG..we are finished..Can u just see this Goat Abdullahi remove his mask then sneezed?? Real AkuyağŸ¤¦â€â™‚ï¸ğŸ¤¦â€â™‚ï¸ğŸ¤¦â€â™‚ï¸,"Abuja, Nigeria"
xteccyofficial,204869377,@HenshawKate @therealdaddymo1 Mask*,"Abuja, Nigeria"
clarissamariiee,1202405049139376129,RT @imnotgothicc: me being a face mask for my boyfriend so he doesnâ€™t get sick ğŸ¥ºğŸ‘‰ğŸ‘ˆ https://t.co/8NHzO5FBXS,unknown
rosanacruznola,4755723350,RT @NonameBooks: Children out here doing what multi-billion dollar companies refuse to do https://t.co/9AAGg0fA4I,"New Orleans, LA"
iam_yousup,4871808861,Me please,Riyad
olamipos_tabiti,942746638216499200,RT @thecableng: VIDEO: Laughter as senator removes face mask to sneeze https://t.co/jfwVmcoEuL via @thecableng https://t.co/O70pwYULOY,"Lagos, Nigeria"
WhatRuleDaWorld,194999131,I am a seamstress and I can help making mask for PPE Shortage......,Illinois
urchmaaino_,146865778,RT @HenshawKate: @therealdaddymo1 Who be dat one???ğŸ˜’ğŸ˜’ğŸ˜’ğŸ˜¶ what was the use of the mask if you will remove it to sneeze on people????? Smh,"Lagos, Nigeria"
denniswndrlnd,589359902,@_MarinaJo well mask off with me?????,LjTx
CoverMongolia,483486676,"RT @MongoliaLive: The grandma should be at the back with the kid, wearing a mask :) 

Illustration by Ts. Orgil https://t.co/QFEKi9JpUs","Ulaanbaatar, Mongolia"
random_tangent,8070562,@sleepygeeky I may have a scarf. I also have a plague doctor's mask and a luchador mask. May wear all three.,Los Angeles
mattya5419,2322915145,WHAT'S WITH THE FEAR MONGERING MASK YOU CANT BUY THE CORRECT MASK THAT WILL PROTECT YOU,"New York, NY USA"
DemelzaKlass,873965039144902656,Top man.,United Kingdom
Mr_Bay_County,894573312080269313,RT @blaQUEops: Head over to YouTube and make a face mask for you and your family https://t.co/kW673cPPTF,"Maryland, USA"
brandon_boyett,1727668796,RT @ScottMGreer: Asians are so desperate to experience discrimination that they make up seeing old white people in LA,"Texas, USA"
yinniethepooh,1327838528,"if youâ€™re wearing a mask and not even gloves, iâ€™m judging you.","Washington, DC"
DSRA_India,76787897,"RT @indian_armada: Must Watch.

How to wear a mask in proper way.

#COVIDIDIOTS #CoronavirusPandemic https://t.co/EPh3ExFJAr",à¤­à¤¾à¤°à¤¤
EngrAbdulBoyi,135804861,RT @therealdaddymo1: This one removes his face mask and sneezed. Oluwa pls what is happening? ğŸ˜©ğŸ¤¦ğŸ¾â€â™‚ï¸ğŸ™„ğŸ˜·  https://t.co/CO24xhDcpH,Minnie's Haberdashery 
_DiscreteView,58078588,RT @LightyDMV: I bet this bitch is walking around with a mask and gloves now https://t.co/MCSi8DaBKB,Where the Centaurs roam
Deccydee,126670617,"RT @Tobbsticks: Went to get Face mask and gloves, and I saw these https://t.co/HIWAFXiNGr",Global
Falanda15,1218023204914192384,Listen to the most recent episode of my podcast: Mask off https://t.co/o1vq9WD0HQ,"Evans, GA"
lovely_jaas,2548484095,My mom made me wear a mask and carry Lysol wipes to the grocery store ğŸ’€,"Las Vegas, NV"
DripDrip_Adrian,887895379429040128,RT @highimallyy: one of my favorite tours ğŸ–¤ğŸ’”,"Azusa, CA"
agya_baah,734817042,RT @youngy18: â€¼ Use a face mask or scarf to keep you nose and mouth covered.,Love
mareefeb,1258567082,@rohan_connolly wear a mask,melbourne
theskinnyelf,1141582135129542656,RT @Mr2Hottie: @imnotgothicc @dear_aiyana Need to get me a face mask,â€¼ï¸ ed vent â€” major TW â€¼ï¸
hazard_shepherd,893292021401624576,RT @scottrt71: @hazard_shepherd @Atlantiso1 One mask for a dozen illegals,Reno nv
AlyssaFaizal,1030415306424868864,RT @sabbybeautyhub: Forget sheet mask. I need this Boba Mask https://t.co/9t2MLDRIAu,kolej perempuan di enstek 
bountytx,3798332354,RT @Blue2Reaganite: This is probably the worst Twitter lefty lie tale Iâ€™ve ever read. Holy shit.,"Texas, USA"
Tyreikandrew,36250699,Did it work?,"Arizona, USA"
lovlid_,984188176486092800,@fjorstad_ @XXL @Senegal4theWIN protect ski mask at all cost,Norge
dejdollaz_,868106839967358976,I got a box of masks... bout to start selling them $1 a mask ğŸ˜‚,United States
gimmesadgirls,887228229148327936,RT @bigracks: this not the first time society made us wear a mask ğŸ’¯,ğŸ‡¸ğŸ‡»
Hellarh_,769711189,RT @therealdaddymo1: This one removes his face mask and sneezed. Oluwa pls what is happening? ğŸ˜©ğŸ¤¦ğŸ¾â€â™‚ï¸ğŸ™„ğŸ˜·  https://t.co/CO24xhDcpH,Abuja.
brycetheman16,740548227695583232,"RT @BuFFanatics: When #Panthers get down with #1, heâ€™s going to need an asthma pump and that gas mask https://t.co/BB8LUPQGj7","Cheektowaga, NY"
TradingPharma,3187161747,RT @latimeshealth: Letters to the Editor: A doctor fighting COVID-19 without a mask is like a soldier fighting without a gun https://t.co/Jâ€¦,"Paris, France"
ntx_vdcrx,292453746,"RT @stone_toss: ""preppers didn't buy equipment to be prepped"" https://t.co/eH6Ow0zMvS",No dreams. Only tears now.
alluringttae,3116352293,"RT @maithism: Moon Jin having Kookâ€™s bunny mask, Namu Namjoon ainâ€™t impressed https://t.co/hYT8hlvnju",âŒ­  mÎ±Ï Ïƒf Ï„hÎµ sÏƒÏ…l : 7
pokmey__,1148211372,RT @aizadfahmy: Ok we need Rizalman to come back from retirement,Malaysia
NorthwestAlumni,188468205,"Bearcats, Bruce â€™78, â€™82 and Holly â€™81 Murphy-Barstow, are helping fight COVID-19, one mask at a time. 
https://t.co/CFPXHcEB6j","Maryville, MO"
JuniorAutist,909514379682443264,"RT @stone_toss: ""preppers didn't buy equipment to be prepped""",Weimerica 
annshell23,1006599369473355776,"RT @maithism: Moon Jin having Kookâ€™s bunny mask, Namu Namjoon ainâ€™t impressed https://t.co/hYT8hlvnju",ğŸğŸ‘ğŸ’ğŸ‘ğŸ’ğŸ ğŸŒ‘
mohhmadamir,745329053016653830,RT @NAINAYADAV_06: This guy looks like an agent for the Corona virus  ğŸ™„ https://t.co/v0ww3cMrR1,"Fort Area, Mumbai"
MzKaylah007,3837313408,RT @therealdaddymo1: This one removes his face mask and sneezed. Oluwa pls what is happening? ğŸ˜©ğŸ¤¦ğŸ¾â€â™‚ï¸ğŸ™„ğŸ˜·  https://t.co/CO24xhDcpH,Somewhere in the world 
IaM_Zela,3406901644,RT @youngy18: â€¼ Use a face mask or scarf to keep you nose and mouth covered.,AFRICA
Amayanabodagogo,1238094821996232704,"The man when dey yarn wan vanish buh the person when laugh nai rough pass,country men hahahahahahahaha","Warri, Nigeria"
MarblesSunny,1132091463872012289,"RT @stone_toss: ""preppers didn't buy equipment to be prepped""",United States
abbabello,118756699,"If you are wearing the face mask for fashion,you are a mumu man...","Federal Capital Territory, Nig"
MathanneshgG,1242485781186273282,No Care's human or animals.....safe them from Corona virus.Wear (mask) guysğŸ˜· and stay home safe the world.ğŸ¤ğŸ’ªğŸŒ https://t.co/Jlsenx0zZy,"Paris, France"
JayeRell,23396184,"@MrWessss The facts sir. I ainâ€™t wanna say that, but better grab some cordless clippers and get to work outside with a mask and gloves on.",Out chasing my dreams...
alxandrio,1154623615826059265,RT @FairyQ15: A pair of pull ups make a handy face mask https://t.co/iejPgNW2oN,"Dallas/Fort Worth, Texas y'all"
cumberqueer,219102990,RT @CathyYan: Oh fuck yeah. Thanks KEVIN SMITH ğŸ¤©,"Brooklyn, NY"
BennettTomlin,796056596229029888,Iâ€™m gonna be honest if everything collapses Iâ€™m probably dead,"Chicago, IL"
APharouk,498188901,@MalamAbba_ @Mubato_nigeria Face mask 15k fa dan balai a Lagos ğŸ˜­people are wicked in this country,Engineering World
Shynomite1,537678190,@BusinessDayNg Hope those mask r not infested with coronavirus,"Kano, Nigeria"
oodgang,1398068426,RT @scottscharinger: Iâ€™m calling it now: â€œMask Offâ€ will become the #1 song once this quarantine/lock down is over,Your moms house
lindseydoo1,1051914856721502209,RT @therealdaddymo1: This one removes his face mask and sneezed. Oluwa pls what is happening? ğŸ˜©ğŸ¤¦ğŸ¾â€â™‚ï¸ğŸ™„ğŸ˜·  https://t.co/CO24xhDcpH,"Federal Capital Territory, Nig"
BalkaneseArkan,1228390457899716608,RT @ArkadagEffendi: haha good thing i bought a yugoslav one made in beograd in 1978 with superior SERBIAN asbestos xaxaxaxa!!!!!!!,Î˜ÎµÏƒÏƒÎ±Î»Î¿Î½Î¯ÎºÎ· 
AdegokeLeke,3291281735,"RT @Tobbsticks: Went to get Face mask and gloves, and I saw these https://t.co/HIWAFXiNGr",World of my Own
KrystleEmerald,71163037,RT @_TheCivilRight: Welcome to Black,brooklyn
98Lexibarr,1613682788,RT @imnotgothicc: me being a face mask for my boyfriend so he doesnâ€™t get sick ğŸ¥ºğŸ‘‰ğŸ‘ˆ https://t.co/8NHzO5FBXS,"Scottsdale, AZ"
NeaLWorldwide,520216466,"RT @WildChefHuman: Nose mask of N500 now goes for 9k.
What a ridiculous country we live in.",Worldwide
Armsty004,2791063762,RT @thecableng: VIDEO: Laughter as senator removes face mask to sneeze https://t.co/jfwVmcoEuL via @thecableng https://t.co/O70pwYULOY,Nigeria
Nuga_daniel,1132766471594156032,"RT @MikkieOguns: Kindly RT, Nigerians are wearing face mask the wrong way ğŸ¤¦â€â™‚ï¸","Lagos, Nigeria"
Realminjuju,703295254682738689,@ABC It's suicidal not to wear a mask in an enclosed space.,ë¯¼ì£¼ë‹¹ì€ì„ ê±°ë¥¼ì•ë‘ê³ ìˆê¸°ë•Œë¬¸ì— ì™„í™”ì „ëµì„ ì“°ê³  ìˆë‹¤
CrypticDespair,951650355669954560,RT @imnotgothicc: me being a face mask for my boyfriend so he doesnâ€™t get sick ğŸ¥ºğŸ‘‰ğŸ‘ˆ https://t.co/8NHzO5FBXS,The Dark Side Of The Moon.   
No1Discipulus,948992969603977217,RT @therealdaddymo1: This one removes his face mask and sneezed. Oluwa pls what is happening? ğŸ˜©ğŸ¤¦ğŸ¾â€â™‚ï¸ğŸ™„ğŸ˜·  https://t.co/CO24xhDcpH,Nigeria
BluExoticss,2175959076,I forgot to do my face mask &amp; thatâ€™s suppose to be every MONDAYğŸ¤¦ğŸ½ğŸ˜…so youâ€™re not alone on this one,South carolina
edgdalilaa,4426456460,RT @aizadfahmy: Ok we need Rizalman to come back from retirement,astroworld
affiqaimn,1138111010793934850,RT @aizadfahmy: Ok we need Rizalman to come back from retirement,Malaysia
SolidSn19497664,1099788921465114631,RT @ArkadagEffendi: haha good thing i bought a yugoslav one made in beograd in 1978 with superior SERBIAN asbestos xaxaxaxa!!!!!!!,United States of America
TanaBoo78,573243155,RT @JillMartin0: So let me see if I have this.....Showing up at the bank with a mask and gloves on is now acceptable?,Divided States of AmeriKKKa ğŸ­
Mingis_yunHOE,1212523090007080961,RT @kindstar_: NO. NO. ONLY WEAR A MASK IF YOU ARE SICK. OR IF YOU ARE A DOCTOR WORKING WITH SICK PEOPLE. all the rest are fine. https://t.â€¦,United States
JesusVfox,17665494,"@22norsedad You should visit any hospital in NYC, take a look around ,and please by all means donâ€™t use a mask , thanks !","Boston, MA"
RoseTheodore4,1147309559528218625,I got you with the toilet paper and N-95 face mask ğŸ˜Œ,"Orlando, FL"
fredielyon,820746909740662785,@jullanyrs this is why everyone should wear a mask,Budapest
theuptownabby,788422147437846528,RT @bigracks: this not the first time society made us wear a mask ğŸ’¯,"Dallas, TX"
Luiz200409,1161825710350188545,Jack with a Jason mask on that bitch,"SÃ£o LuÃ­s, Brasil"
Benta15500139,4770807853,RT @cIutchs: who wants to volunteer &amp; be a face mask for me https://t.co/kJf59uGqYl,"Dallas, TX"
M_Lau_ra,779449831,RT @bigracks: this not the first time society made us wear a mask ğŸ’¯,Argentina
italianmonster6,298869321,"RT @ItalianMonster8: Put a mask on. 
Wash your hands. 
Stay home. 
Jam out to your queen. 

Artwork: IG- @ luizjosemonster https://t.co/1rFâ€¦",NYC 
Edgybrowsstudio,827238820303089665,"@HolaCarmitooo So pay up what ever it is they are asking for ! $7 for face mask ?!! Pay them , we need them","Las Vegas, NV"
dayo_salam,2881506495,RT @therealdaddymo1: This one removes his face mask and sneezed. Oluwa pls what is happening? ğŸ˜©ğŸ¤¦ğŸ¾â€â™‚ï¸ğŸ™„ğŸ˜·  https://t.co/CO24xhDcpH,"Nigeria,abuja"
trapdaddymikee,856980309115404288,"RT @TheAdamLedger: BROCKHAMPTON really be ahead of their time, sporting the face mask 3 years early https://t.co/gNq1OQa7of",Demension C-137
supremoxyz,136242957,RT @therealdaddymo1: This one removes his face mask and sneezed. Oluwa pls what is happening? ğŸ˜©ğŸ¤¦ğŸ¾â€â™‚ï¸ğŸ™„ğŸ˜·  https://t.co/CO24xhDcpH,Lagos
IXwrestle,1212672472786432001,My nigha just mask up and Go.,"HoUSton, TX ( Global )."
primo_lamar,3198792659,"Hmmm. Probably not going to happen but will she take the mask off if we get her 10,000 followers?",NY & Las Vegas
ilikebigboyz,788368229773246465,My goodness thatâ€™s how u take care of a super thick bubble ass. Damn,"Atlanta, GA"
lollyfaithy,840324690795204608,"@toyin_abraham1 Akungba in ondo state, please I really want to especially face mask and gloves",Nigeria
DVingman,1176724010236882944,"RT @Johnnysplace55: Well that's what a parent does, we carry on with a SMILE!","New Haven, CT"
Dulcinea_Smile,880892120558600192,RT @ScottMGreer: Asians are so desperate to experience discrimination that they make up seeing old white people in LA,"Brookline, MA"
00Lindabc,1013502900784521222,"RT @maithism: Moon Jin having Kookâ€™s bunny mask, Namu Namjoon ainâ€™t impressed https://t.co/hYT8hlvnju",ë°©íƒ„ì†Œë…„ë‹¨
Fauxjak,338867213,"RT @stone_toss: ""preppers didn't buy equipment to be prepped""","Camden, NJ ğŸš—ğŸš—ğŸš—"
ShinaOlaoluwa,764777549637554176,RT @thecableng: VIDEO: Laughter as senator removes face mask to sneeze https://t.co/jfwVmcoEuL via @thecableng https://t.co/O70pwYULOY,Lagos abuja jos
HPHS70,882367841969860608,RT @Blue2Reaganite: This is probably the worst Twitter lefty lie tale Iâ€™ve ever read. Holy shit.,United States
WandaPeck,495294320,RT @SiCk_DiAbLo: Did the Obama Administration Leave the N95 Mask Inventory Depleted?  https://t.co/mMIaDqXNQh,Florida
WakoChemicalsUS,1712764081,Way to go Hokies!,"Richmond, VA"
shysworld902,1120483156761538560,Yâ€™all gotta start knocking ppl tf out.,902
milkoohun,930152775945805824,"RT @maithism: Moon Jin having Kookâ€™s bunny mask, Namu Namjoon ainâ€™t impressed https://t.co/hYT8hlvnju",134340
kevinsylvestar,338650165,RT @thecableng: VIDEO: Laughter as senator removes face mask to sneeze https://t.co/jfwVmcoEuL via @thecableng https://t.co/O70pwYULOY,Prosperity
RickiRoma,138928154,I wish you guys would stop lying for ur followers,27.7 miles south of chicago 
sani_atk,461088350,RT @youngy18: â€¼ Use a face mask or scarf to keep you nose and mouth covered.,"Kaduna, Nigeria"
TAJMONT01,3027336801,"RT @XXL: Juice Wrld and Ski Mask The Slump God flowinâ€™ on the tour bus ğŸš

https://t.co/p45qVt6O5E",Mo city
StNaija,468399567,I commend the Lagos state officials for responsible non mask usage..,Earth
TheEnoOkon,3309376745,@TundeTASH See face mask with swagğŸ˜... No way for Cov19...,"Greater Accra, Ghana"
adenijioluwaf14,709817874890686464,RT @therealdaddymo1: This one removes his face mask and sneezed. Oluwa pls what is happening? ğŸ˜©ğŸ¤¦ğŸ¾â€â™‚ï¸ğŸ™„ğŸ˜·  https://t.co/CO24xhDcpH,"Lagos, Nigeria"
bigeric222,1093860137717153792,"RT @withyogurl: Her first time on camera ğŸ“¸ nasty 19
 I canâ€™t really use my tongue with this mask ğŸ¤¦ğŸ¾â€â™‚ï¸ https://t.co/BZ8WkBkTVQ","Fort Washington, MD"
amehhful,203205962,"Relaxing after a long day at work with a @LushLtd face mask, kindly gifted by some of their staff to our M&amp;S staff â¤ï¸",Darnassus
greedypigz,49825019,RT @stonecold2050: BREAKING: Fauci discusses new life-saving face mask. https://t.co/1eRcu5RfDg,Floriduh
anik1968,560707426,RT @stonecold2050: BREAKING: Fauci discusses new life-saving face mask. https://t.co/1eRcu5RfDg,"Ottawa, Ontario"
i_lenox,24653628,RT @therealdaddymo1: This one removes his face mask and sneezed. Oluwa pls what is happening? ğŸ˜©ğŸ¤¦ğŸ¾â€â™‚ï¸ğŸ™„ğŸ˜·  https://t.co/CO24xhDcpH,Where ever i need to be
luckyleprehaun1,2735914457,"Brilliant.
Designer Face Mask!","East, England"
CodyTatman,10572992,"In public with a mask on like

#NowPlaying ""I Don't Fuck With You"" by Big Sean, E-40 on @TIDAL 

 https://t.co/zjmHT8LJtq",ğŸ—º
realRUDEatitude,389733428,"Why yo ass need a face mask?
All them damn blemishes","Indiana, USA"
rodneytalley,76804908,"As soon as you think itâ€™s okay, to take off your mask, somebody coughs! ğŸ˜·",Sept 17
Hakuna_MMT,858012741671505920,"@skyIany relax, im wearing a mask ğŸ˜",He//Him
HannahBearTTV,1181419418854797317,@xgwave I donâ€™t even know how I got this mask LMAO I think it was from a balloon but I love it,"Kansas City, Missouri"
snkwriter,771691171139743744,RT @duty2warn: BREAKING: Fauci discusses new life-saving face mask. https://t.co/qA09uUjbXC,"Atlanta, GA"
Nagisasbitch,756630072606461952,@lljustice2 @MarkYetter Will this make items like abyssal mask more useful in your opinion?,Liverpool
sosakeepit300,728221502177460225,A man cane to my job wearing a mask but touching everything like whaaa,"Fort Carson, CO"
RayHarwick,725044939218948101,"@davidmackau I wasn't, until now, aware of a face mask fetish.","California, USA"
panich52,362149323,RT @stonecold2050: BREAKING: Fauci discusses new life-saving face mask. https://t.co/1eRcu5RfDg,SW PA
argubrig1,731940072451407873,RT @stonecold2050: BREAKING: Fauci discusses new life-saving face mask. https://t.co/1eRcu5RfDg,"Illinois, USA"
